surface_form,pos,lemma
on,VERB,olla
ei,VERB,ei
ja,CONJ,ja
se,PRON,se
hän,PRON,hän
en,VERB,ei
mitä,PRON,mikä
että,CONJ,että
ole,VERB,olla
olen,VERB,olla
oli,VERB,olla
niin,ADV,niin
mutta,CONJ,mutta
sen,PRON,se
vain,ADV,vain
minä,NOUN,minä
minä,PRON,mikä
minä,PRON,minä
jos,CONJ,jos
tämä,PRON,tämä
nyt,ADV,nyt
voi,NOUN,voi
voi,VERB,voida
voi,OTHER,voi
sinä,PRON,se
sinä,PRON,sinä
olet,VERB,olla
kun,CONJ,kun
sitä,PRON,se
kuin,CONJ,kuin
kuin,NOUN,kuu
he,PRON,he
hänen,PRON,hän
täällä,ADV,täällä
olla,VERB,olla
et,VERB,ei
kaikki,NOUN,kaikki
minun,PRON,minä
ovat,VERB,olla
hyvä,ADJ,hyvä
minua,PRON,minä
sitten,ADV,sitten
onko,VERB,olla
miksi,PRON,mikä
sinua,PRON,sinä
miten,ADV,miten
sinun,PRON,sinä
älä,VERB,ei
siitä,VERB,siitä
siitä,VERB,siittää
siitä,PRON,se
hänet,PRON,hän
mitään,PRON,mikään
kyllä,ADV,kyllä
kiitos,NOUN,kiitos
hei,OTHER,hei
mikä,PRON,mikä
olisi,VERB,olla
ne,PRON,ne
kanssa,ADP,kanssa
pitää,VERB,pitää
joka,PRON,joka
ollut,ADJ,oltu
ollut,ADJ,ollut
tai,CONJ,tai
häntä,PRON,hän
häntä,NOUN,häntä
tässä,PRON,tämä
tiedä,VERB,tietää
minulle,PRON,minä
minulla,PRON,minä
jotain,PRON,jokin
ehkä,ADV,ehkä
missä,PRON,mikä
tuo,PRON,tuo
tuo,VERB,tuoda
minut,PRON,minä
me,PRON,me
oletko,VERB,olla
kuka,PRON,kuka
hyvin,ADV,hyvä
hyvin,ADV,hyvin
anteeksi,ADV,anteeksi
vielä,ADV,vielä
tämän,PRON,tämä
sinut,PRON,sinä
sinulle,PRON,sinä
jo,ADV,jo
koska,CONJ,koska
haluan,VERB,haluta
olemme,VERB,olla
tiedän,VERB,tietää
tehdä,VERB,tehdä
tänne,ADV,täällä
meidän,PRON,me
emme,VERB,ei
saa,VERB,saada
tule,VERB,tulla
paljon,ADJ,paljo
siellä,ADV,siellä
anna,VERB,antaa
anna,PROPN,Anna
eivät,VERB,ei
tätä,PRON,tämä
pois,ADV,pois
ennen,ADV,ennen
sinulla,PRON,sinä
täytyy,VERB,täytyä
aina,ADV,aina
aina,PROPN,Aina
tulee,VERB,tulla
siinä,PRON,se
enää,ADV,enää
eikö,VERB,ei
takaisin,ADV,takainen
takaisin,ADJ,takainen
takaisin,VERB,taata
herra,NOUN,herra
mistä,PRON,mikä
selvä,ADJ,selvä
yksi,NUM,yksi
te,PRON,te
juuri,ADV,juuri
juuri,NOUN,juuri
juuri,VERB,juuria
näin,ADV,näin
näin,VERB,nähdä
halua,VERB,haluta
halua,NOUN,halu
pitäisi,VERB,pitää
kuinka,CONJ,kuinka
vai,CONJ,vai
koko,NOUN,koko
joku,PRON,joku
meillä,PRON,me
olin,VERB,olla
olin,NOUN,olka
kaksi,NUM,kaksi
hänelle,PRON,hän
mennä,VERB,mennä
koskaan,ADV,koskaan
tästä,PRON,tämä
tietää,VERB,tietää
kai,ADV,kai
kai,PROPN,Kai
mies,NOUN,mies
joten,CONJ,joten
aivan,ADV,aivan
voin,NOUN,vuo
voin,NOUN,voi
voin,VERB,voida
ihan,ADV,ihan
no,ADV,no
siis,ADV,siis
totta,ADJ,tosi
isä,NOUN,isä
entä,ADV,entä
aika,NOUN,aika
siihen,PRON,se
mene,VERB,mennä
oikein,ADV,oikea
oikein,ADJ,oikea
oikein,ADV,oikein
kuten,CONJ,kuten
kuten,ADV,kuten
vähän,ADV,vähän
vähän,ADJ,vähä
olette,VERB,olla
edes,ADV,edes
teet,NOUN,tee
teet,VERB,tehdä
äiti,NOUN,äiti
eikä,VERB,ei
todella,ADJ,tosi
hyvää,ADJ,hyvä
voit,NOUN,voi
voit,VERB,voida
aikaa,NOUN,aika
kukaan,PRON,kukaan
haluat,VERB,haluta
mukaan,ADV,mukaan
kunnossa,NOUN,kunto
minusta,PRON,minä
itse,NOUN,itse
myös,ADV,myös
vaan,CONJ,vaan
sanoi,VERB,sanoa
sillä,PRON,se
kaiken,NOUN,kaikki
ettei,VERB,ettei
noin,NOUN,noki
noin,ADV,noin
ulos,ADV,ulos
hänellä,PRON,hän
auttaa,VERB,auttaa
taas,ADV,taas
jälkeen,ADV,jälkeen
jälkeen,NOUN,jälki
tulla,VERB,tulla
katso,VERB,katsoa
pidä,VERB,pitää
heidän,PRON,he
päästä,VERB,päästä
päästä,VERB,päästää
päästä,NOUN,pää
puhua,VERB,puhua
tänään,ADV,tänään
sinusta,PRON,sinä
pahoillani,NOUN,paha
kerro,VERB,kertoa
tuli,NOUN,tuli
tuli,VERB,tulla
vaikka,CONJ,vaikka
niitä,PRON,ne
niitä,VERB,niittää
etkö,VERB,ei
liian,ADJ,liika
liian,ADV,liian
meitä,PRON,me
kotiin,NOUN,koti
kotiin,NOUN,kota
tee,NOUN,tee
tee,VERB,tehdä
muuta,VERB,muuttaa
muuta,PRON,muu
näyttää,VERB,näyttää
teidän,PRON,te
vuotta,NOUN,vuo
vuotta,NOUN,vuosi
kiinni,ADV,kiinni
nähdä,VERB,nähdä
ilman,PROPN,Ilma
ilman,ADP,ilman
ilman,NOUN,ilma
tapahtui,VERB,tapahtua
nämä,PRON,nämä
sinne,ADV,siellä
mennään,VERB,mennä
heti,ADV,heti
sanoa,VERB,sanoa
jotka,PRON,joka
haluatko,VERB,haluta
varmasti,ADV,varma
ette,VERB,ei
saat,VERB,saada
tähän,PRON,tämä
antaa,VERB,antaa
tiedät,VERB,tietää
kolme,NUM,kolme
tarvitse,VERB,tarvita
haluaa,VERB,haluta
kertoa,VERB,kertoa
kertoa,NOUN,kerto
ota,VERB,ottaa
meidät,PRON,me
pian,PROPN,Pia
pian,ADV,pian
odota,VERB,odottaa
saada,VERB,saada
menee,VERB,mennä
teitä,NOUN,tie
teitä,NOUN,tee
teitä,PRON,te
nähnyt,ADJ,nähnyt
teen,NOUN,tee
teen,VERB,tehdä
hänestä,PRON,hän
luoja,NOUN,luoja
tehnyt,ADJ,tehnyt
enemmän,ADV,enemmän
enemmän,ADJ,enempi
täältä,ADV,täällä
tekee,VERB,tehdä
sanoin,VERB,sanoa
sanoin,NOUN,sana
vastaan,ADV,vastaan
vastaan,NOUN,vasta
vastaan,VERB,vastata
n,NOUN,n
usko,NOUN,usko
usko,VERB,uskoa
heidät,PRON,he
olevan,ADJ,oleva
takia,ADV,takia
sisään,NOUN,sisä
käy,VERB,käydä
poika,NOUN,poika
jonka,PRON,joka
voimme,NOUN,voi
voimme,VERB,voida
olit,VERB,olla
asia,NOUN,asia
heitä,PRON,he
heitä,VERB,heittää
olivat,VERB,olla
sain,VERB,saada
meille,PRON,me
piti,VERB,pitää
luulin,VERB,luulla
varmaan,PROPN,Varma
yhä,ADV,yhä
sano,VERB,sanoa
hienoa,ADJ,hieno
tuon,PRON,tuo
tuon,VERB,tuoda
ikinä,ADV,ikinä
ikinä,NOUN,ikä
tuolla,PRON,tuo
teille,NOUN,tie
teille,NOUN,tee
teille,PRON,te
tiedätkö,VERB,tietää
varma,PROPN,Varma
varma,ADJ,varma
yhdessä,ADV,yhdessä
yhdessä,NUM,yksi
rakastan,VERB,rakastaa
joo,OTHER,joo
juttu,NOUN,juttu
tarvitsen,VERB,tarvita
kuollut,ADJ,kuoltu
kuollut,ADJ,kuollut
siksi,ADV,siksi
siksi,PRON,se
voisi,NOUN,voi
voisi,VERB,voida
oikeassa,ADJ,oikea
ottaa,VERB,ottaa
ajan,VERB,ajaa
ajan,NOUN,aika
kerran,NOUN,kerta
mihin,PRON,mikä
lähteä,VERB,lähteä
minne,PRON,mikä
yhtä,ADV,yhtä
yhtä,NUM,yksi
tappaa,VERB,tappaa
teki,VERB,tehdä
valmis,ADJ,valmis
toinen,NUM,toinen
tapahtuu,VERB,tapahtua
ihmiset,NOUN,ihminen
pidän,VERB,pitää
silloin,ADV,silloin
silloin,NOUN,silta
hauskaa,ADJ,hauska
voinut,ADJ,voinut
tulen,NOUN,tuli
tulen,VERB,tulla
pitänyt,ADJ,pitänyt
tyttö,NOUN,tyttö
teillä,NOUN,tie
teillä,NOUN,tee
teillä,PRON,te
teidät,PRON,te
nainen,NOUN,nainen
nainen,VERB,naida
rouva,NOUN,rouva
kyse,ADV,kyse
kauan,ADV,kauan
rahaa,NOUN,raha
ensin,ADV,ensin
enkä,VERB,ei
yksin,ADV,yksin
yksin,NUM,yksi
joskus,ADV,joskus
olisin,VERB,olla
tosi,ADJ,tosi
lisää,NOUN,lisä
lisää,VERB,lisätä
apua,NOUN,apu
tuota,PRON,tuo
tuota,VERB,tuottaa
sai,VERB,saada
oliko,VERB,olla
lopeta,VERB,lopettaa
kulta,ADJ,kulta
kulta,PRON,kuka
meni,VERB,mennä
päivä,PROPN,Päivä
päivä,NOUN,päivä
pari,NOUN,pari
tällä,PRON,tämä
kertaa,VERB,kerrata
kertaa,NOUN,kerta
tohtori,NOUN,tohtori
tuntuu,VERB,tuntua
menen,VERB,mennä
päivää,VERB,päivätä
päivää,PROPN,Päivä
päivää,NOUN,päivä
jotta,CONJ,jotta
huomenna,ADV,huomenna
myöhemmin,ADV,myöhä
myöhemmin,ADV,myöhemmin
uusi,ADJ,uusi
uusi,VERB,uusia
tavata,VERB,tavata
sanoit,VERB,sanoa
niinkö,ADV,niin
älkää,VERB,ei
halusin,VERB,haluta
nähdään,VERB,nähdä
ainoa,ADJ,ainoa
ainoa,PROPN,Aino
odottaa,VERB,odottaa
saanut,ADJ,saanut
jonkun,PRON,joku
milloin,ADV,milloin
milloin,PROPN,Milla
minäkin,NOUN,minä
minäkin,PRON,mikä
minäkin,PRON,minä
saan,VERB,saada
etten,VERB,ettei
paras,ADJ,hyvä
yhden,NUM,yksi
silti,ADV,silti
asiaa,NOUN,asia
parempi,ADJ,hyvä
vie,VERB,viedä
jota,PRON,joka
osaa,VERB,osata
osaa,NOUN,osa
viime,ADJ,viime
alas,ADV,alas
paikka,NOUN,paikka
tein,NOUN,tie
tein,NOUN,tee
tein,VERB,tehdä
kuuluu,VERB,kuulua
kuuluu,NOUN,kuuluu
mikään,PRON,mikään
teit,VERB,tehdä
ihmisiä,NOUN,ihminen
ketään,PRON,kukaan
ajattelin,VERB,ajatella
ylös,ADV,ylös
okei,OTHER,okei
jotakin,PRON,joka
alkaa,VERB,alkaa
miehen,NOUN,mies
ymmärrän,VERB,ymmärtää
hetki,NOUN,hetki
ohi,ADP,ohi
ymmärrä,VERB,ymmärtää
sama,NOUN,sama
hieman,ADV,hieman
yli,ADP,yli
muista,VERB,muistaa
muista,PRON,muu
yritän,VERB,yrittää
kuuntele,VERB,kuunnella
oletteko,VERB,olla
sir,NOUN,sir
tullut,ADJ,tultu
tullut,ADJ,tullut
pieni,ADJ,pieni
pieni,VERB,pieniä
oikea,VERB,oieta
oikea,ADJ,oikea
riittää,VERB,riittää
tiennyt,ADJ,tiennyt
minkä,PRON,mikä
asioita,NOUN,asia
tulin,NOUN,tuli
tulin,VERB,tulla
tulin,PROPN,Tula
jokin,ADV,jo
jokin,PRON,jokin
isäni,NOUN,isä
teemme,NOUN,tee
teemme,VERB,tehdä
neiti,NOUN,neiti
jossa,PRON,joka
toivottavasti,ADV,toivottava
tarkoittaa,VERB,tarkoittaa
vanha,ADJ,vanha
kuoli,VERB,kuolla
poissa,ADV,poissa
läpi,NOUN,läpi
voisin,ADV,voinen
voisin,ADJ,voinen
voisin,VERB,voida
muuten,ADV,muuten
soittaa,VERB,soittaa
halunnut,ADJ,halunnut
otan,VERB,ottaa
haluaisin,VERB,haluta
saanko,VERB,saada
pyydän,VERB,pyytää
minuun,PRON,minä
puhu,VERB,puhua
nopeasti,ADV,nopea
oikeasti,ADV,oikea
voinko,NOUN,vuo
voinko,NOUN,voi
voinko,VERB,voida
kanssasi,ADP,kanssa
täysin,ADV,täysi
täysin,ADJ,täysi
nimi,NOUN,nimi
kunnes,CONJ,kunnes
hyvältä,ADJ,hyvä
löytää,VERB,löytää
vasta,ADV,vasta
vasta,NOUN,vasta
tarpeeksi,NOUN,tarve
iso,ADJ,iso
töitä,NOUN,työ
olisit,VERB,olla
käyttää,VERB,käyttää
poliisi,NOUN,poliisi
asti,ADP,asti
heille,PRON,he
viisi,NUM,viisi
ettet,VERB,ettei
irti,ADV,irti
kohta,ADV,kohta
kohta,NOUN,kohta
kuulostaa,VERB,kuulostaa
luulen,VERB,luulla
kuitenkin,ADV,kuitenkin
tahansa,ADV,tahansa
isäsi,NOUN,isä
kiltti,ADJ,kiltti
vuoden,NOUN,vuosi
tulossa,NOUN,tulo
yrittää,VERB,yrittää
samaa,NOUN,sama
kiva,ADJ,kiva
ainakin,ADV,aina
ainakin,PROPN,Aina
tulkaa,VERB,tulla
hiljaa,PROPN,Hilja
hiljaa,ADV,hiljaa
mukana,ADV,mukaan
eli,VERB,elää
eli,CONJ,eli
sellaista,ADJ,sellainen
miltä,PRON,mikä
pakko,NOUN,pakko
ensimmäinen,NUM,ensimmäinen
eilen,ADV,eilen
neljä,NUM,neljä
rahat,NOUN,raha
kaunis,ADJ,kaunis
pysy,VERB,pysyä
kello,NOUN,kello
liikaa,ADJ,liika
kuulin,VERB,kuulla
kuulin,NOUN,kuula
tunnen,VERB,tuntea
senkin,NOUN,senkki
senkin,PRON,se
mieltä,NOUN,mieli
varten,ADP,varten
sanoo,VERB,sanoa
mukava,ADJ,mukava
tarkoitat,VERB,tarkoittaa
dollaria,NOUN,dollari
hitto,NOUN,hitto
muut,PRON,muu
kerron,VERB,kertoa
kerron,NOUN,kerto
kotona,NOUN,koto
asian,NOUN,asia
kertonut,ADJ,kertonut
niistä,PRON,ne
niistä,VERB,niistää
melkein,ADV,melkein
kertoi,VERB,kertoa
näytä,VERB,näkyä
näytä,VERB,näyttää
sait,VERB,saada
siltä,PRON,se
meistä,PRON,me
kuulla,VERB,kuultaa
kuulla,VERB,kuulla
kuulla,NOUN,kuu
toisen,NUM,toinen
tunne,NOUN,tunne
tunne,VERB,tuntea
paska,NOUN,paska
kuullut,ADJ,kuultu
kuullut,ADJ,kuullut
kaveri,NOUN,kaveri
näen,VERB,nähdä
hieno,ADJ,hieno
luulet,VERB,luulla
eri,ADJ,eri
pysty,VERB,pystyä
pysty,NOUN,pysty
halusi,VERB,haluta
halusi,NOUN,halu
jopa,ADV,jo
uskoa,NOUN,usko
uskoa,VERB,uskoa
tehdään,VERB,tehdä
osa,NOUN,osa
hauska,ADJ,hauska
kapteeni,NOUN,kapteeni
olimme,VERB,olla
auta,VERB,auttaa
paitsi,ADV,paitsi
uuden,ADJ,uusi
kanssani,ADP,kanssa
äitisi,NOUN,äiti
luuletko,VERB,luulla
tänä,PRON,tämä
john,PROPN,John
kanssaan,ADP,kanssa
puhut,VERB,puhua
vuoksi,ADV,vuoksi
vuoksi,NOUN,vuo
vuoksi,NOUN,vuoksi
vuoksi,PROPN,Vuoksi
suoraan,ADV,suoraan
näytät,VERB,näyttää
kaikkea,NOUN,kaikki
aikaan,NOUN,aika
päivän,PROPN,Päivä
päivän,NOUN,päivä
haloo,NOUN,haloo
mikset,VERB,miksei
sieltä,ADV,siellä
voitte,VERB,voida
kävi,VERB,käydä
uskon,NOUN,usko
uskon,VERB,uskoa
tietenkin,ADV,tieten
ystäväni,NOUN,ystävä
löysin,ADV,löysä
löysin,ADJ,löysä
löysin,VERB,löytää
minuuttia,NOUN,minuutti
asiat,NOUN,asia
hätää,NOUN,hätä
toki,ADV,toki
maailman,NOUN,maailma
nuo,PRON,nuo
tietysti,ADV,tietty
palaa,VERB,palata
palaa,VERB,palaa
palaa,NOUN,pala
kuule,VERB,kuulla
pikku,ADJ,pikku
tarvitsee,VERB,tarvita
jumala,NOUN,jumala
maksaa,NOUN,maksa
maksaa,VERB,maksaa
tarvitsemme,VERB,tarvita
hetkinen,ADJ,hetkinen
new,PROPN,new
auto,NOUN,auto
tuntia,NOUN,tunti
tapahtunut,ADJ,tapahtunut
soita,VERB,soittaa
soita,NOUN,suo
sanonut,ADJ,sanonut
voitko,NOUN,voi
voitko,VERB,voida
mä,PRON,minä
sille,PRON,se
jää,NOUN,jää
jää,VERB,jäädä
menossa,NOUN,meno
jolla,NOUN,jolla
jolla,PRON,joka
tervetuloa,OTHER,tervetuloa
tervetuloa,NOUN,tervetulo
lähellä,ADV,lähellä
työtä,NOUN,työ
elää,VERB,elää
kovin,ADV,kova
kovin,ADJ,kova
pojat,NOUN,poika
sanon,VERB,sanoa
ongelma,NOUN,ongelma
yötä,NOUN,yö
jätä,VERB,jättää
hullu,ADJ,hullu
saamme,VERB,saada
muita,PRON,muu
sinuun,PRON,sinä
näe,VERB,nähdä
minulta,PRON,minä
tiesin,VERB,tietää
katsokaa,VERB,katsoa
sellainen,ADJ,sellainen
jättää,VERB,jättää
tavalla,NOUN,tapa
ai,OTHER,ai
lapset,NOUN,lapsi
aiemmin,ADV,aiemmin
aiemmin,ADV,aiempi
tapa,NOUN,tapa
tapa,VERB,tappaa
ensi,ADV,ensi
viedä,VERB,viedä
menkää,VERB,mennä
huomenta,NOUN,huomen
niiden,PRON,ne
yhtään,ADV,yhtään
jack,PROPN,Jack
yritä,VERB,yrittää
muistatko,VERB,muistaa
vuonna,NOUN,vuosi
tarkoitan,VERB,tarkoittaa
sopii,VERB,sopia
parasta,NOUN,para
päivänä,PROPN,Päivä
päivänä,NOUN,päivä
äitini,NOUN,äiti
viimeinen,ADJ,viimeinen
helvetti,NOUN,helvetti
soitan,VERB,soittaa
onnea,NOUN,onni
sehän,PRON,se
oma,ADJ,oma
terve,ADJ,terve
samoin,ADV,samoin
samoin,NOUN,sama
heillä,PRON,he
välitä,VERB,välittää
annan,VERB,antaa
annan,PROPN,Anna
suuri,ADJ,suuri
tiedämme,VERB,tietää
ihminen,NOUN,ihminen
hoitaa,VERB,hoitaa
vaivaa,NOUN,vaiva
vaivaa,VERB,vaivata
huono,ADJ,huono
hyvät,ADJ,hyvä
miestä,NOUN,mies
jäädä,VERB,jäädä
jäädä,VERB,jäätää
tulit,VERB,tulla
molemmat,NOUN,molempi
heistä,PRON,he
vaikea,ADJ,vaikea
sanot,VERB,sanoa
aamulla,NOUN,aamu
aamulla,PROPN,Aamu
olkaa,VERB,olla
olkaa,NOUN,olka
kysyä,VERB,kysyä
väärin,ADV,väärin
väärin,ADV,väärä
väärin,ADJ,väärä
väliä,NOUN,väli
mahtavaa,ADJ,mahtava
paremmin,ADV,hyvä
viitsi,VERB,viitsiä
muka,ADV,muka
tulevat,VERB,tulla
tulevat,ADJ,tuleva
päälle,NOUN,pää
monta,NOUN,moni
luo,ADV,luo
luo,VERB,luoda
kahden,NUM,kaksi
pääse,VERB,päästä
vauhtia,NOUN,vauhti
olleet,ADJ,ollut
valmiina,ADJ,valmis
teistä,NOUN,tie
teistä,NOUN,tee
teistä,PRON,te
aio,VERB,aikoa
voivat,VERB,voida
voivat,ADJ,voiva
käydä,VERB,käydä
onneksi,NOUN,onni
miehet,NOUN,mies
lähde,NOUN,lähde
lähde,VERB,lähteä
vastaa,NOUN,vasta
vastaa,VERB,vastata
antoi,VERB,antaa
syytä,VERB,syyttää
syytä,NOUN,syy
haluavat,VERB,haluta
haluavat,ADJ,haluava
takana,ADV,takana
joita,PRON,joka
naisen,NOUN,nainen
lapsi,NOUN,lapsi
tuossa,PRON,tuo
lähden,VERB,lähteä
uudelleen,ADV,uudelleen
töissä,NOUN,työ
rauhoitu,VERB,rauhoittua
unohda,VERB,unohtaa
katsomaan,VERB,katsoa
katsomaan,NOUN,katsoma
lähdetään,VERB,lähteä
naiset,NOUN,nainen
kaikkien,NOUN,kaikki
aion,VERB,aikoa
uutta,ADJ,uusi
toimi,NOUN,toimi
toimi,VERB,toimia
toimi,PROPN,Toimi
asiassa,NOUN,asia
poikani,NOUN,poika
saattaa,VERB,saattaa
yritin,VERB,yrittää
toimii,VERB,toimia
tärkeää,ADJ,tärkeä
paha,ADJ,paha
sisällä,VERB,sisältää
sisällä,NOUN,sisä
uudestaan,ADV,uudestaan
pidät,VERB,pitää
tuskin,NOUN,tuska
tuskin,ADV,tuskin
muistan,VERB,muistaa
etkä,VERB,ei
lähti,VERB,lähteä
taitaa,VERB,taitaa
ongelmia,NOUN,ongelma
tarvitset,VERB,tarvita
tappoi,VERB,tappaa
menemme,VERB,mennä
tunnin,NOUN,tunti
sinulta,PRON,sinä
kysymys,NOUN,kysymys
voisit,VERB,voida
ruokaa,NOUN,ruoka
näitä,PRON,nämä
kaikille,NOUN,kaikki
haluatte,VERB,haluta
iltana,PROPN,Ilta
iltana,NOUN,ilta
ovi,NOUN,ovi
tekemään,VERB,tehdä
tekemään,NOUN,tekemä
onkin,VERB,olla
sinäkin,PRON,se
sinäkin,PRON,sinä
tehty,ADJ,tehty
lapsia,NOUN,lapsi
elossa,PROPN,Elo
elossa,NOUN,elo
aikana,NOUN,aika
hoidan,VERB,hoitaa
outoa,ADJ,outo
etsin,VERB,etsiä
etsin,NOUN,etsin
kestä,VERB,kestää
ulkona,ADV,ulos
kuolla,VERB,kuolla
alkoi,VERB,alkaa
menet,VERB,mennä
muuttaa,VERB,muuttaa
kunhan,CONJ,kunhan
naimisiin,VERB,naida
aiot,VERB,aikoa
ase,NOUN,ase
elämä,NOUN,elämä
katsoa,VERB,katsoa
lopettaa,VERB,lopettaa
maan,NOUN,maa
michael,PROPN,Michael
tyyppi,NOUN,tyyppi
häneen,PRON,hän
täynnä,ADV,täysi
hyviä,ADJ,hyvä
auton,NOUN,auto
auton,PROPN,Autto
tytön,NOUN,tyttö
voisimme,VERB,voida
vittu,NOUN,vittu
puhun,VERB,puhua
oikeastaan,NOUN,oikea
yleensä,ADV,yleensä
avaa,VERB,avata
puoli,NOUN,puoli
sekä,CONJ,sekä
hakemaan,VERB,hakea
hakemaan,NOUN,hakema
hakemaan,NOUN,hakemaa
joko,ADV,jo
joko,CONJ,joko
kuusi,NOUN,kuu
kuusi,NOUN,kuusi
kuusi,NUM,kuusi
tulet,NOUN,tuli
tulet,VERB,tulla
voisitko,NOUN,voisitko
voisitko,VERB,voida
toivon,NOUN,toivo
toivon,VERB,toivoa
toivon,PROPN,Toivo
vaikeaa,ADJ,vaikea
palata,VERB,palata
olemaan,VERB,olla
olemaan,NOUN,olema
laita,NOUN,laita
laita,VERB,laittaa
hetken,NOUN,hetki
ystäviä,NOUN,ystävä
jatkaa,VERB,jatkaa
muu,PRON,muu
ikävä,ADJ,ikävä
töihin,NOUN,työ
tilanne,NOUN,tila
tilanne,NOUN,tilanne
tilanne,VERB,tilata
mahdollista,VERB,mahdollistaa
mahdollista,ADJ,mahdollinen
erittäin,ADV,erittäin
hätänä,NOUN,hätä
verta,NOUN,veri
tekevät,VERB,tehdä
tekevät,ADJ,tekevä
helvettiä,NOUN,helvetti
vaikuttaa,VERB,vaikuttaa
seuraa,VERB,seurata
seuraa,NOUN,seura
mukavaa,ADJ,mukava
homma,NOUN,homma
elämäni,NOUN,elämä
istu,VERB,istua
paikan,NOUN,paikka
pitkä,ADJ,pitkä
saisi,VERB,saada
luona,ADV,luokse
kuulemma,ADV,kuulemma
kuulemma,NOUN,kuulemma
lupaan,NOUN,lupa
lupaan,VERB,luvata
käynyt,ADJ,käynyt
vaimoni,NOUN,vaimo
vettä,NOUN,vesi
nuori,ADJ,nuori
kaikkia,NOUN,kaikki
nimeni,NOUN,nimi
alla,ADP,alla
ovatko,VERB,olla
auki,ADV,auki
kenen,PRON,ken
pyytää,VERB,pyytää
ollaan,VERB,olla
saimme,VERB,saada
tehtävä,NOUN,tehtävä
tehtävä,ADJ,tehtävä
oman,ADJ,oma
oman,PROPN,Oman
yhteen,NUM,yksi
sä,PRON,sinä
kestää,VERB,kestää
sanotaan,VERB,sanoa
paikalla,NOUN,paikka
taida,VERB,taitaa
jokainen,ADJ,jokainen
haluamme,VERB,haluta
haluamme,NOUN,haluamme
haluamme,NOUN,halu
saatte,VERB,saada
vihainen,ADJ,vihainen
jutella,VERB,jutella
puolesta,NOUN,puoli
olekin,VERB,olla
antakaa,VERB,antaa
teette,VERB,tehdä
ystävä,NOUN,ystävä
turvassa,NOUN,turpa
turvassa,NOUN,turva
eihän,VERB,ei
usein,ADV,usea
usein,ADJ,usea
välillä,NOUN,väli
tytöt,NOUN,tyttö
uskomatonta,ADJ,uskomaton
voittaa,VERB,voittaa
josta,PRON,joka
miksei,VERB,miksei
luota,ADP,luota
luota,VERB,luottaa
iloinen,ADJ,iloinen
luottaa,VERB,luottaa
ihmisten,NOUN,ihminen
häneltä,PRON,hän
näetkö,VERB,nähdä
illalla,PROPN,Ilta
illalla,NOUN,ilta
väärässä,ADJ,väärä
yritti,VERB,yrittää
vitun,NOUN,vittu
näet,ADV,näet
näet,VERB,nähdä
pelastaa,VERB,pelastaa
edessä,ADV,edessä
sentään,ADV,sentään
päällä,NOUN,pää
tosiaan,NOUN,tosi
niinpä,ADV,niin
syy,NOUN,syy
kautta,ADP,kautta
kautta,NOUN,kausi
itsensä,NOUN,itse
onpa,VERB,olla
soitti,VERB,soittaa
päin,ADV,päin
päin,NOUN,pää
ala,VERB,alkaa
ala,NOUN,ala
mahtava,ADJ,mahtava
matkalla,NOUN,matka
päässä,NOUN,pää
paljonko,ADJ,paljo
kerroin,VERB,kertoa
kerroin,NOUN,kerto
kerroin,NOUN,kerroin
kerroin,NOUN,kerta
alle,ADP,alla
viimeksi,ADV,viimeksi
kymmenen,NUM,kymmenen
kymmenen,NOUN,kymmen
saavat,VERB,saada
saavat,ADJ,saava
sam,PROPN,Sam
yhteyttä,NOUN,yhteys
sinähän,PRON,se
sinähän,PRON,sinä
nimensä,NOUN,nimi
velkaa,NOUN,velka
frank,PROPN,Frank
kaukana,ADV,kauas
näytän,VERB,näyttää
helppoa,ADJ,helppo
haittaa,VERB,haitata
haittaa,NOUN,haitta
toista,VERB,toistaa
toista,NUM,toinen
lähtee,VERB,lähteä
idea,NOUN,idea
haluaisi,VERB,haluta
suomennos,NOUN,suomennos
olenko,VERB,olla
nimesi,NOUN,nimi
nimesi,VERB,nimetä
paskiainen,ADJ,paskiainen
tapauksessa,NOUN,tapaus
jutun,NOUN,juttu
haen,VERB,hakea
ajaa,VERB,ajaa
kunnon,NOUN,kunto
kuolee,VERB,kuolla
jossain,PRON,jokin
samalla,NOUN,sama
olemassa,VERB,olla
olemassa,NOUN,olema
puhuu,VERB,puhua
pelkää,VERB,peljätä
pelkää,VERB,pelätä
herrat,NOUN,herra
rakastaa,VERB,rakastaa
fbi,OTHER,fbi
itseni,NOUN,itse
selittää,VERB,selittää
kultaseni,PROPN,Kultanen
kultaseni,NOUN,kultanen
vei,VERB,viedä
tärkeä,ADJ,tärkeä
ymmärtää,VERB,ymmärtää
katsotaan,VERB,katsoa
kuulu,ADJ,kuulu
kuulu,VERB,kuulua
agentti,NOUN,agentti
syö,VERB,syödä
charlie,PROPN,charlie
tuosta,PRON,tuo
veljeni,NOUN,veli
maahan,NOUN,maa
syödä,VERB,syödä
helvetin,NOUN,helvetti
pojan,NOUN,poika
mennyt,ADJ,menty
mennyt,ADJ,mennyt
pitkään,ADV,pitkään
jotkut,PRON,joku
sisälle,NOUN,sisä
odottakaa,VERB,odottaa
ympäri,ADV,ympäri
eteenpäin,ADV,eteenpäin
loppuun,NOUN,loppu
pomo,NOUN,pomo
luultavasti,ADV,luultava
vien,VERB,viedä
kuukautta,NOUN,kuukausi
odotan,VERB,odottaa
seuraava,ADJ,seuraava
eräs,PRON,eräs
jumalan,NOUN,jumala
varo,VERB,varoa
tom,PROPN,Tom
millainen,ADJ,millainen
äidin,NOUN,äiti
pääsi,VERB,päästä
pääsi,NOUN,pää
viikon,NOUN,viikko
ajatus,NOUN,ajatus
talo,NOUN,talo
ostaa,VERB,ostaa
ostaa,PROPN,Osta
ettekö,VERB,ei
kertoo,VERB,kertoa
etsi,VERB,etsiä
talon,NOUN,talo
isän,NOUN,isä
otti,VERB,ottaa
huolta,NOUN,huoli
olkoon,VERB,olla
tulisi,VERB,tulla
tekisi,VERB,tehdä
maailma,NOUN,maailma
kädet,NOUN,käsi
saman,NOUN,sama
kohtaan,VERB,kohdata
kohtaan,NOUN,kohta
tarvitaan,VERB,tarvita
kerta,NOUN,kerta
taidan,VERB,taitaa
totuus,NOUN,totuus
david,PROPN,David
ymmärrätkö,VERB,ymmärtää
numero,NOUN,numero
mietin,VERB,miettiä
alan,VERB,alkaa
alan,NOUN,ala
alan,PROPN,Alan
itsesi,NOUN,itse
käyn,VERB,käydä
kaikesta,NOUN,kaikki
myöhässä,ADJ,myöhä
myöhässä,ADV,myöhässä
voimmeko,NOUN,voi
voimmeko,VERB,voida
asiasta,NOUN,asia
selvää,ADJ,selvä
presidentti,NOUN,presidentti
kovasti,ADV,kova
pitäisikö,VERB,pitää
george,PROPN,George
näki,VERB,nähdä
palaan,VERB,palata
palaan,NOUN,pala
tietoa,NOUN,tieto
itseäsi,NOUN,itse
viikkoa,NOUN,viikko
aloittaa,VERB,aloittaa
näkee,VERB,nähdä
tiesi,NOUN,tie
tiesi,VERB,tietää
tuonne,PRON,tuo
jatka,VERB,jatkaa
miljoonaa,NUM,miljoona
mieheni,NOUN,mies
tajua,NOUN,taju
tajua,VERB,tajuta
oltava,ADJ,oltava
jätti,NOUN,jätti
jätti,VERB,jättää
pelkkä,ADJ,pelkkä
häivy,VERB,häipyä
kysy,VERB,kysyä
loppu,NOUN,loppu
laittaa,VERB,laittaa
kauanko,ADV,kauan
aiotko,VERB,aikoa
avulla,NOUN,apu
avulla,NOUN,avu
huoli,VERB,huolia
huoli,NOUN,huoli
tällaista,ADJ,tällainen
estää,VERB,estää
minähän,NOUN,minä
minähän,PRON,mikä
minähän,PRON,minä
annoin,VERB,antaa
annoin,NOUN,anto
annoin,PROPN,Anna
tietenkään,ADV,tieten
tiedäthän,VERB,tietää
pyysi,VERB,pyytää
pyysi,NOUN,pyy
muutaman,NOUN,muutama
mike,PROPN,Mike
perhe,NOUN,perhe
miehiä,NOUN,mies
joe,PROPN,joe
rakas,ADJ,rakas
halusit,VERB,haluta
täydellinen,ADJ,täydellinen
kohti,ADP,kohti
naimisissa,VERB,naida
the,PROPN,the
käytä,VERB,käyttää
selvittää,VERB,selvittää
peter,PROPN,Peter
ottakaa,VERB,ottaa
elämän,VERB,elää
elämän,NOUN,elämä
uutisia,NOUN,uutinen
jäljellä,ADV,jäljellä
jäljellä,NOUN,jälki
sattuu,VERB,sattua
tapan,VERB,tappaa
puhutaan,VERB,puhua
elämää,NOUN,elämä
lapsen,NOUN,lapsi
muiden,PRON,muu
viikolla,NOUN,viikko
ajattele,VERB,ajatella
kahvia,NOUN,kahvi
selville,ADV,selvillä
ystäväsi,NOUN,ystävä
menin,VERB,mennä
puolella,NOUN,puoli
pitäkää,VERB,pitää
seitsemän,NUM,seitsemän
taisi,VERB,taitaa
pysyä,VERB,pysyä
pääsee,VERB,päästä
ylpeä,ADJ,ylpeä
todisteita,NOUN,todiste
